<?xml version="1.0" encoding="UTF-8"?>
<!DOCTYPE beans PUBLIC "-//SPRING//DTD BEAN//EN" "http://www.springframework.org/dtd/spring-beans.dtd">

<!--
  - Application context definition for RoseIndia Login Application on Hibernate.
	-->
<beans>

	<!-- ========================= RESOURCE DEFINITIONS ========================= -->
  
	<!-- Configurer that replaces ${...} placeholders with values from a properties file -->
	<!-- (in this case, JDBC-related settings for the dataSource definition below) -->
	<bean id="propertyConfigurer" class="org.springframework.beans.factory.config.PropertyPlaceholderConfigurer">
		<property name="location"><value>/WEB-INF/jdbc.properties</value></property>
	</bean>

	<!-- Local DataSource that works in any environment -->
	<!-- Note that DriverManagerDataSource does not pool; it is not intended for production -->
	
	<bean id="dataSource" class="org.springframework.jdbc.datasource.DriverManagerDataSource">
		<property name="driverClassName"><value>${jdbc.driverClassName}</value></property>
		<property name="url"><value>${jdbc.url}</value></property>
		<property name="username"><value>${jdbc.username}</value></property>
		<property name="password"><value>${jdbc.password}</value></property>

	</bean>
	

	<!-- JNDI DataSource for J2EE environments -->

	<!-- Hibernate SessionFactory -->
	<bean id="sessionFactory" class="org.springframework.orm.hibernate3.LocalSessionFactoryBean">
		<property name="dataSource"><ref local="dataSource"/></property>
		<property name="mappingResources">
		<list>
			<value>roseindia/dao/hibernate/Adminuser.hbm.xml</value>
			<value>roseindia/dao/hibernate/Category.hbm.xml</value>
			<value>roseindia/dao/hibernate/Config.hbm.xml</value>
			<value>roseindia/dao/hibernate/Order.hbm.xml</value>
			<value>roseindia/dao/hibernate/Orderedcart.hbm.xml</value>
			<value>roseindia/dao/hibernate/Product.hbm.xml</value>
			<value>roseindia/dao/hibernate/User.hbm.xml</value>
			
		</list>
		</property>
		<property name="hibernateProperties">
			<props>
				<prop key="hibernate.dialect">${hibernate.dialect}</prop>
				<prop key="hibernate.show_sql">true</prop>
			</props>
		</property>
	</bean>


	<!-- Transaction manager for a single Hibernate SessionFactory (alternative to JTA) -->
	<bean id="transactionManager" class="org.springframework.orm.hibernate3.HibernateTransactionManager">
		<property name="sessionFactory"><ref local="sessionFactory"/></property>
	</bean>


	<!-- ========================= BUSINESS OBJECT DEFINITIONS ========================= -->

	<!--
	 Data access object: Hibernate implementation.
    -->

	<bean id="ShoppingCartDaoTarget" class="roseindia.dao.ShoppingCartDAOImpl">
		<property name="sessionFactory"><ref local="sessionFactory"/></property>
	</bean>

	<!--
		- Transactional proxy for Login Application central data access object.
		-
		- Defines specific transaction attributes with "readOnly" markers,
		- which is an optimization that is particularly valuable with Hibernate
		- (to suppress unnecessary flush attempts for read-only operations).
		-
		- Note that in a real-life app with multiple transaction proxies,
		- you will probably want to use parent and child bean definitions
		- as described in the manual, to reduce duplication.
    -->

	<bean id="ShoppingCartDao" class="org.springframework.transaction.interceptor.TransactionProxyFactoryBean">
		<property name="transactionManager"><ref local="transactionManager"/></property>
		<property name="target"><ref local="ShoppingCartDaoTarget"/></property>
		<property name="transactionAttributes">
			<props>
				<prop key="get*">PROPAGATION_REQUIRED,readOnly</prop>
				<prop key="find*">PROPAGATION_REQUIRED,readOnly</prop>
				<prop key="load*">PROPAGATION_REQUIRED,readOnly</prop>
				<prop key="store*">PROPAGATION_REQUIRED</prop>
			</props>
		</property>
	</bean>

	<!-- Email Service-->
	<!--
	<bean id="mailbean" class="roseindia.web.common.SendMail">
		<property name="strSmtp"><value>192.168.10.14</value></property>
	</bean>
	-->
</beans>
